,voltage_mV,current_mA,time_ms
0,12.0,1.967,0
1,11.999,1.967,101
2,11.998,1.966,202
3,11.997,1.966,302
4,11.996,1.966,403
5,11.995,1.966,504
6,11.994,1.966,605
7,11.993,1.966,706
8,11.992,1.965,806
9,11.991,1.965,907
10,11.99,1.965,1008
11,11.989,1.965,1109
12,11.988,1.965,1209
13,11.987,1.965,1310
14,11.986,1.964,1411
15,11.985,1.964,1511
16,11.984,1.964,1612
17,11.983,1.964,1713
18,11.982,1.964,1813
19,11.981,1.964,1914
20,11.98,1.963,2015
21,11.979,1.963,2116
22,11.978,1.963,2216
23,11.977,1.963,2317
24,11.976,1.963,2417
25,11.975,1.963,2518
26,11.974,1.962,2619
27,11.973,1.962,2720
28,11.972,1.962,2820
29,11.971,1.962,2921
30,11.97,1.962,3022
31,11.969,1.962,3123
32,11.968,1.961,3223
33,11.967,1.961,3324
34,11.966,1.961,3424
35,11.965,1.961,3525
36,11.964,1.961,3626
37,11.963,1.961,3726
38,11.962,1.96,3827
39,11.961,1.96,3928
40,11.96,1.96,4029
41,11.959,1.96,4129
42,11.958,1.96,4230
43,11.957,1.96,4331
44,11.956,1.96,4432
45,11.955,1.959,4532
46,11.954,1.959,4633
47,11.953,1.959,4733
48,11.952,1.959,4834
49,11.951,1.959,4934
50,11.95,1.959,5035
51,11.949,1.958,5136
52,11.948,1.958,5236
53,11.947,1.958,5337
54,11.946,1.958,5438
55,11.945,1.958,5539
56,11.944,1.958,5639
57,11.943,1.957,5740
58,11.942,1.957,5841
59,11.941,1.957,5942
60,11.94,1.957,6043
61,11.939,1.957,6144
62,11.938,1.957,6245
63,11.937,1.956,6346
64,11.936,1.956,6446
65,11.935,1.956,6547
66,11.934,1.956,6648
67,11.933,1.956,6749
68,11.932,1.956,6849
69,11.931,1.955,6950
70,11.93,1.955,7050
71,11.929,1.955,7151
72,11.928,1.955,7251
73,11.927,1.955,7352
74,11.926,1.955,7452
75,11.925,1.954,7553
76,11.924,1.954,7654
77,11.923,1.954,7755
78,11.922,1.954,7856
79,11.921,1.954,7956
80,11.92,1.954,8057
81,11.919,1.953,8157
82,11.918,1.953,8258
83,11.917,1.953,8358
84,11.916,1.953,8459
85,11.915,1.953,8560
86,11.914,1.953,8660
87,11.913,1.952,8761
88,11.912,1.952,8862
89,11.911,1.952,8963
90,11.91,1.952,9063
91,11.909,1.952,9164
92,11.908,1.952,9265
93,11.907,1.951,9365
94,11.906,1.951,9466
95,11.905,1.951,9566
96,11.904,1.951,9667
97,11.903,1.951,9768
98,11.902,1.951,9868
99,11.901,1.95,9969
100,11.9,1.95,10069
101,11.899,1.95,10170
102,11.898,1.95,10271
103,11.897,1.95,10372
104,11.896,1.95,10473
105,11.895,1.95,10573
106,11.894,1.949,10674
107,11.893,1.949,10774
108,11.892,1.949,10875
109,11.891,1.949,10976
110,11.89,1.949,11077
111,11.889,1.949,11177
112,11.888,1.948,11279
113,11.887,1.948,11379
114,11.886,1.948,11480
115,11.885,1.948,11581
116,11.884,1.948,11682
117,11.883,1.948,11782
118,11.882,1.947,11883
119,11.881,1.947,11983
120,11.88,1.947,12084
121,11.879,1.947,12184
122,11.878,1.947,12285
123,11.877,1.947,12386
124,11.876,1.946,12486
125,11.875,1.946,12588
126,11.874,1.946,12688
127,11.873,1.946,12789
128,11.872,1.946,12890
129,11.871,1.946,12990
130,11.87,1.945,13091
131,11.869,1.945,13192
132,11.868,1.945,13292
133,11.867,1.945,13393
134,11.866,1.945,13494
135,11.865,1.945,13594
136,11.864,1.944,13695
137,11.863,1.944,13795
138,11.862,1.944,13896
139,11.861,1.944,13996
140,11.86,1.944,14097
141,11.859,1.944,14198
142,11.858,1.943,14299
143,11.857,1.943,14399
144,11.856,1.943,14500
145,11.855,1.943,14600
146,11.854,1.943,14702
147,11.853,1.943,14802
148,11.852,1.942,14903
149,11.851,1.942,15004
150,11.85,1.942,15104
151,11.849,1.942,15205
152,11.848,1.942,15306
153,11.847,1.942,15407
154,11.846,1.941,15507
155,11.845,1.941,15608
156,11.844,1.941,15709
157,11.843,1.941,15809
158,11.842,1.941,15911
159,11.841,1.941,16011
160,11.84,1.94,16112
161,11.839,1.94,16213
162,11.838,1.94,16314
163,11.837,1.94,16415
164,11.836,1.94,16515
165,11.835,1.94,16616
166,11.834,1.94,16716
167,11.833,1.939,16817
168,11.832,1.939,16917
169,11.831,1.939,17018
170,11.83,1.939,17118
171,11.829,1.939,17219
172,11.828,1.939,17320
173,11.827,1.938,17420
174,11.826,1.938,17521
175,11.825,1.938,17622
176,11.824,1.938,17722
177,11.823,1.938,17823
178,11.822,1.938,17923
179,11.821,1.937,18024
180,11.82,1.937,18124
181,11.819,1.937,18225
182,11.818,1.937,18326
183,11.817,1.937,18427
184,11.816,1.937,18527
185,11.815,1.936,18628
186,11.814,1.936,18729
187,11.813,1.936,18829
188,11.812,1.936,18930
189,11.811,1.936,19031
190,11.81,1.936,19131
191,11.809,1.935,19232
192,11.808,1.935,19333
193,11.807,1.935,19433
194,11.806,1.935,19534
195,11.805,1.935,19635
196,11.804,1.935,19735
197,11.803,1.934,19836
198,11.802,1.934,19936
199,11.801,1.934,20037
200,11.8,1.934,20137
201,11.799,1.934,20238
202,11.798,1.934,20338
203,11.797,1.933,20439
204,11.796,1.933,20540
205,11.795,1.933,20640
206,11.794,1.933,20741
207,11.793,1.933,20842
208,11.792,1.933,20943
209,11.791,1.932,21044
210,11.79,1.932,21144
211,11.789,1.932,21245
212,11.788,1.932,21346
213,11.787,1.932,21447
214,11.786,1.932,21547
215,11.785,1.931,21648
216,11.784,1.931,21749
217,11.783,1.931,21850
218,11.782,1.931,21950
219,11.781,1.931,22051
220,11.78,1.931,22151
221,11.779,1.93,22252
222,11.778,1.93,22353
223,11.777,1.93,22453
224,11.776,1.93,22554
225,11.775,1.93,22655
226,11.774,1.93,22756
227,11.773,1.93,22856
228,11.772,1.929,22957
229,11.771,1.929,23058
230,11.77,1.929,23158
231,11.769,1.929,23259
232,11.768,1.929,23359
233,11.767,1.929,23460
234,11.766,1.928,23561
235,11.765,1.928,23661
236,11.764,1.928,23762
237,11.763,1.928,23863
238,11.762,1.928,23964
239,11.761,1.928,24065
240,11.76,1.927,24165
241,11.759,1.927,24266
242,11.758,1.927,24367
243,11.757,1.927,24467
244,11.756,1.927,24568
245,11.755,1.927,24669
246,11.754,1.926,24769
247,11.753,1.926,24870
248,11.752,1.926,24971
249,11.751,1.926,25071
250,11.75,1.926,25172
251,11.749,1.926,25273
252,11.748,1.925,25373
253,11.747,1.925,25474
254,11.746,1.925,25574
255,11.745,1.925,25674
256,11.744,1.925,25775
257,11.743,1.925,25875
258,11.742,1.924,25976
259,11.741,1.924,26077
260,11.74,1.924,26178
261,11.739,1.924,26278
262,11.738,1.924,26379
263,11.737,1.924,26480
264,11.736,1.923,26580
265,11.735,1.923,26681
266,11.734,1.923,26782
267,11.733,1.923,26882
268,11.732,1.923,26983
269,11.731,1.923,27083
270,11.73,1.922,27184
271,11.729,1.922,27285
272,11.728,1.922,27385
273,11.727,1.922,27486
274,11.726,1.922,27586
275,11.725,1.922,27687
276,11.724,1.921,27788
277,11.723,1.921,27888
278,11.722,1.921,27989
279,11.721,1.921,28090
280,11.72,1.921,28190
281,11.719,1.921,28291
282,11.718,1.92,28392
283,11.717,1.92,28493
284,11.716,1.92,28593
285,11.715,1.92,28694
286,11.714,1.92,28794
287,11.713,1.92,28895
288,11.712,1.92,28996
289,11.711,1.919,29096
290,11.71,1.919,29197
291,11.709,1.919,29298
292,11.708,1.919,29399
293,11.707,1.919,29499
294,11.706,1.919,29600
295,11.705,1.918,29700
296,11.704,1.918,29801
297,11.703,1.918,29901
298,11.702,1.918,30002
299,11.701,1.918,30103
300,11.7,1.918,30203
301,11.699,1.917,30304
302,11.698,1.917,30404
303,11.697,1.917,30505
304,11.696,1.917,30605
305,11.695,1.917,30706
306,11.694,1.917,30806
307,11.693,1.916,30907
308,11.692,1.916,31008
309,11.691,1.916,31108
310,11.69,1.916,31209
311,11.689,1.916,31309
312,11.688,1.916,31410
313,11.687,1.915,31511
314,11.686,1.915,31612
315,11.685,1.915,31713
316,11.684,1.915,31813
317,11.683,1.915,31914
318,11.682,1.915,32014
319,11.681,1.914,32115
320,11.68,1.914,32216
321,11.679,1.914,32316
322,11.678,1.914,32417
323,11.677,1.914,32517
324,11.676,1.914,32618
325,11.675,1.913,32719
326,11.674,1.913,32820
327,11.673,1.913,32921
328,11.672,1.913,33022
329,11.671,1.913,33122
330,11.67,1.913,33223
331,11.669,1.912,33324
332,11.668,1.912,33424
333,11.667,1.912,33525
334,11.666,1.912,33626
335,11.665,1.912,33726
336,11.664,1.912,33827
337,11.663,1.911,33928
338,11.662,1.911,34029
339,11.661,1.911,34131
340,11.66,1.911,34232
341,11.659,1.911,34332
342,11.658,1.911,34433
343,11.657,1.91,34533
344,11.656,1.91,34634
345,11.655,1.91,34734
346,11.654,1.91,34835
347,11.653,1.91,34935
348,11.652,1.91,35036
349,11.651,1.91,35137
350,11.65,1.909,35237
351,11.649,1.909,35338
352,11.648,1.909,35439
353,11.647,1.909,35540
354,11.646,1.909,35640
355,11.645,1.909,35741
356,11.644,1.908,35842
357,11.643,1.908,35943
358,11.642,1.908,36043
359,11.641,1.908,36144
360,11.64,1.908,36245
361,11.639,1.908,36345
362,11.638,1.907,36446
363,11.637,1.907,36547
364,11.636,1.907,36648
365,11.635,1.907,36748
366,11.634,1.907,36849
367,11.633,1.907,36950
368,11.632,1.906,37050
369,11.631,1.906,37151
370,11.63,1.906,37251
371,11.629,1.906,37352
372,11.628,1.906,37453
373,11.627,1.906,37553
374,11.626,1.905,37654
375,11.625,1.905,37754
376,11.624,1.905,37855
377,11.623,1.905,37956
378,11.622,1.905,38057
379,11.621,1.905,38157
380,11.62,1.904,38258
381,11.619,1.904,38359
382,11.618,1.904,38459
383,11.617,1.904,38560
384,11.616,1.904,38661
385,11.615,1.904,38761
386,11.614,1.903,38862
387,11.613,1.903,38963
388,11.612,1.903,39064
389,11.611,1.903,39164
390,11.61,1.903,39265
391,11.609,1.903,39366
392,11.608,1.902,39466
393,11.607,1.902,39567
394,11.606,1.902,39667
395,11.605,1.902,39768
396,11.604,1.902,39868
397,11.603,1.902,39969
398,11.602,1.901,40070
399,11.601,1.901,40171
400,11.6,1.901,40271
401,11.599,1.901,40372
402,11.598,1.901,40473
403,11.597,1.901,40573
404,11.596,1.9,40674
405,11.595,1.9,40774
406,11.594,1.9,40875
407,11.593,1.9,40976
408,11.592,1.9,41077
409,11.591,1.9,41178
410,11.59,1.9,41278
411,11.589,1.899,41379
412,11.588,1.899,41480
413,11.587,1.899,41580
414,11.586,1.899,41681
415,11.585,1.899,41781
416,11.584,1.899,41882
417,11.583,1.898,41982
418,11.582,1.898,42083
419,11.581,1.898,42184
420,11.58,1.898,42284
421,11.579,1.898,42385
422,11.578,1.898,42486
423,11.577,1.897,42587
424,11.576,1.897,42687
425,11.575,1.897,42788
426,11.574,1.897,42889
427,11.573,1.897,42989
428,11.572,1.897,43090
429,11.571,1.896,43191
430,11.57,1.896,43293
431,11.569,1.896,43394
432,11.568,1.896,43494
433,11.567,1.896,43595
434,11.566,1.896,43695
435,11.565,1.895,43796
436,11.564,1.895,43896
437,11.563,1.895,43997
438,11.562,1.895,44098
439,11.561,1.895,44198
440,11.56,1.895,44299
441,11.559,1.894,44399
442,11.558,1.894,44500
443,11.557,1.894,44601
444,11.556,1.894,44701
445,11.555,1.894,44802
446,11.554,1.894,44902
447,11.553,1.893,45003
448,11.552,1.893,45103
449,11.551,1.893,45204
450,11.55,1.893,45305
451,11.549,1.893,45406
452,11.548,1.893,45506
453,11.547,1.892,45607
454,11.546,1.892,45707
455,11.545,1.892,45808
456,11.544,1.892,45909
457,11.543,1.892,46010
458,11.542,1.892,46110
459,11.541,1.891,46211
460,11.54,1.891,46312
461,11.539,1.891,46412
462,11.538,1.891,46513
463,11.537,1.891,46614
464,11.536,1.891,46715
465,11.535,1.89,46815
466,11.534,1.89,46916
467,11.533,1.89,47017
468,11.532,1.89,47118
469,11.531,1.89,47219
470,11.53,1.89,47319
471,11.529,1.89,47420
472,11.528,1.889,47521
473,11.527,1.889,47621
474,11.526,1.889,47722
475,11.525,1.889,47823
476,11.524,1.889,47923
477,11.523,1.889,48023
478,11.522,1.888,48124
479,11.521,1.888,48225
480,11.52,1.888,48325
481,11.519,1.888,48426
482,11.518,1.888,48526
483,11.517,1.888,48627
484,11.516,1.887,48727
485,11.515,1.887,48828
486,11.514,1.887,48929
487,11.513,1.887,49029
488,11.512,1.887,49130
489,11.511,1.887,49230
490,11.51,1.886,49331
491,11.509,1.886,49431
492,11.508,1.886,49532
493,11.507,1.886,49632
494,11.506,1.886,49733
495,11.505,1.886,49833
496,11.504,1.885,49934
497,11.503,1.885,50034
498,11.502,1.885,50134
499,11.501,1.885,50235
500,11.5,1.885,50335
501,11.499,1.885,50436
502,11.498,1.884,50536
503,11.497,1.884,50637
504,11.496,1.884,50738
505,11.495,1.884,50838
506,11.494,1.884,50939
507,11.493,1.884,51039
508,11.492,1.883,51140
509,11.491,1.883,51241
510,11.49,1.883,51341
511,11.489,1.883,51442
512,11.488,1.883,51543
513,11.487,1.883,51643
514,11.486,1.882,51744
515,11.485,1.882,51844
516,11.484,1.882,51945
517,11.483,1.882,52045
518,11.482,1.882,52146
519,11.481,1.882,52247
520,11.48,1.881,52348
521,11.479,1.881,52449
522,11.478,1.881,52549
523,11.477,1.881,52650
524,11.476,1.881,52750
525,11.475,1.881,52851
526,11.474,1.88,52951
527,11.473,1.88,53052
528,11.472,1.88,53152
529,11.471,1.88,53253
530,11.47,1.88,53354
531,11.469,1.88,53454
532,11.468,1.88,53555
533,11.467,1.879,53655
534,11.466,1.879,53756
535,11.465,1.879,53857
536,11.464,1.879,53957
537,11.463,1.879,54058
538,11.462,1.879,54159
539,11.461,1.878,54260
540,11.46,1.878,54360
541,11.459,1.878,54461
542,11.458,1.878,54561
543,11.457,1.878,54662
544,11.456,1.878,54762
545,11.455,1.877,54863
546,11.454,1.877,54964
547,11.453,1.877,55064
548,11.452,1.877,55165
549,11.451,1.877,55265
550,11.45,1.877,55366
551,11.449,1.876,55467
552,11.448,1.876,55567
553,11.447,1.876,55668
554,11.446,1.876,55768
555,11.445,1.876,55869
556,11.444,1.876,55969
557,11.443,1.875,56070
558,11.442,1.875,56170
559,11.441,1.875,56271
560,11.44,1.875,56371
561,11.439,1.875,56472
562,11.438,1.875,56573
563,11.437,1.874,56674
564,11.436,1.874,56774
565,11.435,1.874,56875
566,11.434,1.874,56975
567,11.433,1.874,57076
568,11.432,1.874,57177
569,11.431,1.873,57278
570,11.43,1.873,57379
571,11.429,1.873,57479
572,11.428,1.873,57580
573,11.427,1.873,57681
574,11.426,1.873,57782
575,11.425,1.872,57882
576,11.424,1.872,57983
577,11.423,1.872,58084
578,11.422,1.872,58184
579,11.421,1.872,58285
580,11.42,1.872,58385
581,11.419,1.871,58486
582,11.418,1.871,58586
583,11.417,1.871,58687
584,11.416,1.871,58788
585,11.415,1.871,58888
586,11.414,1.871,58989
587,11.413,1.87,59090
588,11.412,1.87,59190
589,11.411,1.87,59291
590,11.41,1.87,59392
591,11.409,1.87,59492
592,11.408,1.87,59593
593,11.407,1.87,59694
594,11.406,1.869,59794
595,11.405,1.869,59895
596,11.404,1.869,59995
597,11.403,1.869,60096
598,11.402,1.869,60197
599,11.401,1.869,60297
600,11.4,1.868,60398
601,11.399,1.868,60498
602,11.398,1.868,60599
603,11.397,1.868,60699
604,11.396,1.868,60800
605,11.395,1.868,60900
606,11.394,1.867,61001
607,11.393,1.867,61102
608,11.392,1.867,61202
609,11.391,1.867,61302
610,11.39,1.867,61403
611,11.389,1.867,61503
612,11.388,1.866,61604
613,11.387,1.866,61704
614,11.386,1.866,61805
615,11.385,1.866,61905
616,11.384,1.866,62006
617,11.383,1.866,62106
618,11.382,1.865,62207
619,11.381,1.865,62307
620,11.38,1.865,62408
621,11.379,1.865,62508
622,11.378,1.865,62609
623,11.377,1.865,62709
624,11.376,1.864,62810
625,11.375,1.864,62910
626,11.374,1.864,63011
627,11.373,1.864,63112
628,11.372,1.864,63212
629,11.371,1.864,63313
630,11.37,1.863,63413
631,11.369,1.863,63514
632,11.368,1.863,63614
633,11.367,1.863,63715
634,11.366,1.863,63815
635,11.365,1.863,63916
636,11.364,1.862,64016
637,11.363,1.862,64117
638,11.362,1.862,64217
639,11.361,1.862,64318
640,11.36,1.862,64418
641,11.359,1.862,64519
642,11.358,1.861,64620
643,11.357,1.861,64720
644,11.356,1.861,64820
645,11.355,1.861,64921
646,11.354,1.861,65022
647,11.353,1.861,65122
648,11.352,1.86,65222
649,11.351,1.86,65323
650,11.35,1.86,65423
651,11.349,1.86,65524
652,11.348,1.86,65624
653,11.347,1.86,65725
654,11.346,1.86,65825
655,11.345,1.859,65925
656,11.344,1.859,66026
657,11.343,1.859,66127
658,11.342,1.859,66227
659,11.341,1.859,66327
660,11.34,1.859,66428
661,11.339,1.858,66528
662,11.338,1.858,66629
663,11.337,1.858,66730
664,11.336,1.858,66830
665,11.335,1.858,66931
666,11.334,1.858,67031
667,11.333,1.857,67132
668,11.332,1.857,67233
669,11.331,1.857,67333
670,11.33,1.857,67434
671,11.329,1.857,67535
672,11.328,1.857,67635
673,11.327,1.856,67736
674,11.326,1.856,67837
675,11.325,1.856,67937
676,11.324,1.856,68038
677,11.323,1.856,68138
678,11.322,1.856,68239
679,11.321,1.855,68340
680,11.32,1.855,68441
681,11.319,1.855,68542
682,11.318,1.855,68642
683,11.317,1.855,68743
684,11.316,1.855,68843
685,11.315,1.854,68944
686,11.314,1.854,69044
687,11.313,1.854,69144
688,11.312,1.854,69245
689,11.311,1.854,69345
690,11.31,1.854,69446
691,11.309,1.853,69547
692,11.308,1.853,69647
693,11.307,1.853,69748
694,11.306,1.853,69848
695,11.305,1.853,69948
696,11.304,1.853,70049
697,11.303,1.852,70149
698,11.302,1.852,70250
699,11.301,1.852,70350
700,11.3,1.852,70451
701,11.299,1.852,70551
702,11.298,1.852,70652
703,11.297,1.851,70752
704,11.296,1.851,70853
705,11.295,1.851,70953
706,11.294,1.851,71054
707,11.293,1.851,71154
708,11.292,1.851,71255
709,11.291,1.85,71355
710,11.29,1.85,71456
711,11.289,1.85,71557
712,11.288,1.85,71657
713,11.287,1.85,71758
714,11.286,1.85,71859
715,11.285,1.85,71959
716,11.284,1.849,72060
717,11.283,1.849,72160
718,11.282,1.849,72261
719,11.281,1.849,72361
720,11.28,1.849,72462
721,11.279,1.849,72563
722,11.278,1.848,72663
723,11.277,1.848,72764
724,11.276,1.848,72864
725,11.275,1.848,72965
726,11.274,1.848,73065
727,11.273,1.848,73166
728,11.272,1.847,73266
729,11.271,1.847,73367
730,11.27,1.847,73467
731,11.269,1.847,73568
732,11.268,1.847,73668
733,11.267,1.847,73769
734,11.266,1.846,73869
735,11.265,1.846,73970
736,11.264,1.846,74070
737,11.263,1.846,74171
738,11.262,1.846,74271
739,11.261,1.846,74372
740,11.26,1.845,74473
741,11.259,1.845,74573
742,11.258,1.845,74673
743,11.257,1.845,74774
744,11.256,1.845,74874
745,11.255,1.845,74975
746,11.254,1.844,75076
747,11.253,1.844,75176
748,11.252,1.844,75277
749,11.251,1.844,75378
750,11.25,1.844,75478
751,11.249,1.844,75579
752,11.248,1.843,75680
753,11.247,1.843,75781
754,11.246,1.843,75881
755,11.245,1.843,75982
756,11.244,1.843,76083
757,11.243,1.843,76184
758,11.242,1.842,76284
759,11.241,1.842,76384
760,11.24,1.842,76485
761,11.239,1.842,76585
762,11.238,1.842,76686
763,11.237,1.842,76786
764,11.236,1.841,76887
765,11.235,1.841,76987
766,11.234,1.841,77088
767,11.233,1.841,77188
768,11.232,1.841,77289
769,11.231,1.841,77389
770,11.23,1.84,77490
771,11.229,1.84,77590
772,11.228,1.84,77691
773,11.227,1.84,77791
774,11.226,1.84,77892
775,11.225,1.84,77992
776,11.224,1.84,78093
777,11.223,1.839,78193
778,11.222,1.839,78294
779,11.221,1.839,78394
780,11.22,1.839,78495
781,11.219,1.839,78595
782,11.218,1.839,78696
783,11.217,1.838,78797
784,11.216,1.838,78897
785,11.215,1.838,78998
786,11.214,1.838,79098
787,11.213,1.838,79199
788,11.212,1.838,79299
789,11.211,1.837,79400
790,11.21,1.837,79500
791,11.209,1.837,79601
792,11.208,1.837,79702
793,11.207,1.837,79802
794,11.206,1.837,79903
795,11.205,1.836,80003
796,11.204,1.836,80104
797,11.203,1.836,80204
798,11.202,1.836,80305
799,11.201,1.836,80405
800,11.2,1.836,80506
801,11.199,1.835,80606
802,11.198,1.835,80706
803,11.197,1.835,80807
804,11.196,1.835,80907
805,11.195,1.835,81008
806,11.194,1.835,81108
807,11.193,1.834,81209
808,11.192,1.834,81309
809,11.191,1.834,81410
810,11.19,1.834,81510
811,11.189,1.834,81611
812,11.188,1.834,81711
813,11.187,1.833,81812
814,11.186,1.833,81912
815,11.185,1.833,82013
816,11.184,1.833,82113
817,11.183,1.833,82214
818,11.182,1.833,82314
819,11.181,1.832,82415
820,11.18,1.832,82516
821,11.179,1.832,82616
822,11.178,1.832,82717
823,11.177,1.832,82817
824,11.176,1.832,82918
825,11.175,1.831,83018
826,11.174,1.831,83119
827,11.173,1.831,83219
828,11.172,1.831,83320
829,11.171,1.831,83420
830,11.17,1.831,83521
831,11.169,1.83,83621
832,11.168,1.83,83722
833,11.167,1.83,83822
834,11.166,1.83,83923
835,11.165,1.83,84023
836,11.164,1.83,84124
837,11.163,1.83,84224
838,11.162,1.829,84325
839,11.161,1.829,84425
840,11.16,1.829,84526
841,11.159,1.829,84626
842,11.158,1.829,84727
843,11.157,1.829,84827
844,11.156,1.828,84928
845,11.155,1.828,85028
846,11.154,1.828,85129
847,11.153,1.828,85229
848,11.152,1.828,85330
849,11.151,1.828,85430
850,11.15,1.827,85531
851,11.149,1.827,85631
852,11.148,1.827,85732
853,11.147,1.827,85832
854,11.146,1.827,85933
855,11.145,1.827,86033
856,11.144,1.826,86134
857,11.143,1.826,86235
858,11.142,1.826,86335
859,11.141,1.826,86436
860,11.14,1.826,86536
861,11.139,1.826,86636
862,11.138,1.825,86737
863,11.137,1.825,86838
864,11.136,1.825,86938
865,11.135,1.825,87039
866,11.134,1.825,87139
867,11.133,1.825,87240
868,11.132,1.824,87340
869,11.131,1.824,87441
870,11.13,1.824,87541
871,11.129,1.824,87642
872,11.128,1.824,87742
873,11.127,1.824,87843
874,11.126,1.823,87943
875,11.125,1.823,88044
876,11.124,1.823,88144
877,11.123,1.823,88245
878,11.122,1.823,88345
879,11.121,1.823,88446
880,11.12,1.822,88546
881,11.119,1.822,88647
882,11.118,1.822,88748
883,11.117,1.822,88848
884,11.116,1.822,88949
885,11.115,1.822,89049
886,11.114,1.821,89149
887,11.113,1.821,89250
888,11.112,1.821,89350
889,11.111,1.821,89451
890,11.11,1.821,89551
891,11.109,1.821,89652
892,11.108,1.82,89752
893,11.107,1.82,89853
894,11.106,1.82,89953
895,11.105,1.82,90054
896,11.104,1.82,90155
897,11.103,1.82,90255
898,11.102,1.82,90356
899,11.101,1.819,90457
900,11.1,1.819,90557
901,11.099,1.819,90658
902,11.098,1.819,90758
903,11.097,1.819,90859
904,11.096,1.819,90959
905,11.095,1.818,91060
906,11.094,1.818,91161
907,11.093,1.818,91261
908,11.092,1.818,91362
909,11.091,1.818,91462
910,11.09,1.818,91562
911,11.089,1.817,91663
912,11.088,1.817,91763
913,11.087,1.817,91864
914,11.086,1.817,91964
915,11.085,1.817,92065
916,11.084,1.817,92165
917,11.083,1.816,92266
918,11.082,1.816,92366
919,11.081,1.816,92467
920,11.08,1.816,92567
921,11.079,1.816,92668
922,11.078,1.816,92768
923,11.077,1.815,92869
924,11.076,1.815,92969
925,11.075,1.815,93070
926,11.074,1.815,93170
927,11.073,1.815,93271
928,11.072,1.815,93371
929,11.071,1.814,93472
930,11.07,1.814,93572
931,11.069,1.814,93673
932,11.068,1.814,93774
933,11.067,1.814,93875
934,11.066,1.814,93975
935,11.065,1.813,94075
936,11.064,1.813,94176
937,11.063,1.813,94277
938,11.062,1.813,94378
939,11.061,1.813,94478
940,11.06,1.813,94579
941,11.059,1.812,94679
942,11.058,1.812,94780
943,11.057,1.812,94880
944,11.056,1.812,94980
945,11.055,1.812,95081
946,11.054,1.812,95181
947,11.053,1.811,95282
948,11.052,1.811,95382
949,11.051,1.811,95483
950,11.05,1.811,95583
951,11.049,1.811,95684
952,11.048,1.811,95784
953,11.047,1.81,95885
954,11.046,1.81,95985
955,11.045,1.81,96086
956,11.044,1.81,96187
957,11.043,1.81,96287
958,11.042,1.81,96388
959,11.041,1.81,96488
960,11.04,1.809,96589
961,11.039,1.809,96689
962,11.038,1.809,96790
963,11.037,1.809,96890
964,11.036,1.809,96991
965,11.035,1.809,97092
966,11.034,1.808,97192
967,11.033,1.808,97293
968,11.032,1.808,97393
969,11.031,1.808,97493
970,11.03,1.808,97594
971,11.029,1.808,97694
972,11.028,1.807,97795
973,11.027,1.807,97895
974,11.026,1.807,97996
975,11.025,1.807,98097
976,11.024,1.807,98197
977,11.023,1.807,98298
978,11.022,1.806,98398
979,11.021,1.806,98499
980,11.02,1.806,98599
981,11.019,1.806,98700
982,11.018,1.806,98801
983,11.017,1.806,98901
984,11.016,1.805,99002
985,11.015,1.805,99102
986,11.014,1.805,99203
987,11.013,1.805,99303
988,11.012,1.805,99404
989,11.011,1.805,99504
990,11.01,1.804,99605
991,11.009,1.804,99705
992,11.008,1.804,99806
993,11.007,1.804,99906
994,11.006,1.804,100007
995,11.005,1.804,100107
996,11.004,1.803,100208
997,11.003,1.803,100308
998,11.002,1.803,100409
999,11.001,1.803,100509
1000,11.0,1.803,100610
1001,10.999,1.803,100710
1002,10.998,1.802,100811
1003,10.997,1.802,100911
1004,10.996,1.802,101012
1005,10.995,1.802,101112
1006,10.994,1.802,101213
1007,10.993,1.802,101313
1008,10.992,1.801,101414
1009,10.991,1.801,101515
1010,10.99,1.801,101615
1011,10.989,1.801,101716
1012,10.988,1.801,101816
1013,10.987,1.801,101917
1014,10.986,1.8,102017
1015,10.985,1.8,102118
1016,10.984,1.8,102218
1017,10.983,1.8,102319
1018,10.982,1.8,102420
1019,10.981,1.8,102520
1020,10.98,1.8,102620
1021,10.979,1.799,102722
1022,10.978,1.799,102823
1023,10.977,1.799,102923
1024,10.976,1.799,103024
1025,10.975,1.799,103124
1026,10.974,1.799,103225
1027,10.973,1.798,103325
1028,10.972,1.798,103426
1029,10.971,1.798,103526
1030,10.97,1.798,103627
1031,10.969,1.798,103727
1032,10.968,1.798,103828
1033,10.967,1.797,103928
1034,10.966,1.797,104029
1035,10.965,1.797,104129
1036,10.964,1.797,104230
1037,10.963,1.797,104331
1038,10.962,1.797,104431
1039,10.961,1.796,104532
1040,10.96,1.796,104632
1041,10.959,1.796,104733
1042,10.958,1.796,104833
1043,10.957,1.796,104934
1044,10.956,1.796,105034
1045,10.955,1.795,105135
1046,10.954,1.795,105235
1047,10.953,1.795,105336
1048,10.952,1.795,105436
1049,10.951,1.795,105537
1050,10.95,1.795,105637
1051,10.949,1.794,105739
1052,10.948,1.794,105840
1053,10.947,1.794,105941
1054,10.946,1.794,106041
1055,10.945,1.794,106142
1056,10.944,1.794,106242
1057,10.943,1.793,106343
1058,10.942,1.793,106444
1059,10.941,1.793,106544
1060,10.94,1.793,106645
1061,10.939,1.793,106745
1062,10.938,1.793,106846
1063,10.937,1.792,106946
1064,10.936,1.792,107047
1065,10.935,1.792,107147
1066,10.934,1.792,107248
1067,10.933,1.792,107349
1068,10.932,1.792,107449
1069,10.931,1.791,107550
1070,10.93,1.791,107651
1071,10.929,1.791,107752
1072,10.928,1.791,107852
1073,10.927,1.791,107953
1074,10.926,1.791,108053
1075,10.925,1.79,108154
1076,10.924,1.79,108254
1077,10.923,1.79,108355
1078,10.922,1.79,108456
1079,10.921,1.79,108557
1080,10.92,1.79,108657
1081,10.919,1.79,108758
1082,10.918,1.789,108859
1083,10.917,1.789,108960
1084,10.916,1.789,109060
1085,10.915,1.789,109161
1086,10.914,1.789,109261
1087,10.913,1.789,109362
1088,10.912,1.788,109463
1089,10.911,1.788,109563
1090,10.91,1.788,109664
1091,10.909,1.788,109764
1092,10.908,1.788,109865
1093,10.907,1.788,109965
1094,10.906,1.787,110066
1095,10.905,1.787,110167
1096,10.904,1.787,110268
1097,10.903,1.787,110368
1098,10.902,1.787,110469
1099,10.901,1.787,110569
1100,10.9,1.786,110670
1101,10.899,1.786,110770
1102,10.898,1.786,110871
1103,10.897,1.786,110972
1104,10.896,1.786,111073
1105,10.895,1.786,111173
1106,10.894,1.785,111274
1107,10.893,1.785,111375
1108,10.892,1.785,111476
1109,10.891,1.785,111577
1110,10.89,1.785,111677
1111,10.889,1.785,111778
1112,10.888,1.784,111878
1113,10.887,1.784,111979
1114,10.886,1.784,112080
1115,10.885,1.784,112180
1116,10.884,1.784,112281
1117,10.883,1.784,112382
1118,10.882,1.783,112483
1119,10.881,1.783,112584
1120,10.88,1.783,112684
1121,10.879,1.783,112785
1122,10.878,1.783,112885
1123,10.877,1.783,112986
1124,10.876,1.782,113087
1125,10.875,1.782,113187
1126,10.874,1.782,113288
1127,10.873,1.782,113388
1128,10.872,1.782,113489
1129,10.871,1.782,113590
1130,10.87,1.781,113691
1131,10.869,1.781,113791
1132,10.868,1.781,113892
1133,10.867,1.781,113993
1134,10.866,1.781,114093
1135,10.865,1.781,114194
1136,10.864,1.78,114295
1137,10.863,1.78,114395
1138,10.862,1.78,114496
1139,10.861,1.78,114596
1140,10.86,1.78,114697
1141,10.859,1.78,114798
1142,10.858,1.78,114899
1143,10.857,1.779,114999
1144,10.856,1.779,115100
1145,10.855,1.779,115201
1146,10.854,1.779,115302
1147,10.853,1.779,115402
1148,10.852,1.779,115503
1149,10.851,1.778,115603
1150,10.85,1.778,115704
1151,10.849,1.778,115804
1152,10.848,1.778,115905
1153,10.847,1.778,116005
1154,10.846,1.778,116106
1155,10.845,1.777,116206
1156,10.844,1.777,116307
1157,10.843,1.777,116408
1158,10.842,1.777,116509
1159,10.841,1.777,116609
1160,10.84,1.777,116710
1161,10.839,1.776,116811
1162,10.838,1.776,116912
1163,10.837,1.776,117013
1164,10.836,1.776,117115
1165,10.835,1.776,117215
1166,10.834,1.776,117316
1167,10.833,1.775,117417
1168,10.832,1.775,117517
1169,10.831,1.775,117618
1170,10.83,1.775,117719
1171,10.829,1.775,117819
1172,10.828,1.775,117920
1173,10.827,1.774,118020
1174,10.826,1.774,118121
1175,10.825,1.774,118222
1176,10.824,1.774,118322
1177,10.823,1.774,118423
1178,10.822,1.774,118523
1179,10.821,1.773,118624
1180,10.82,1.773,118725
1181,10.819,1.773,118826
1182,10.818,1.773,118926
1183,10.817,1.773,119027
1184,10.816,1.773,119128
1185,10.815,1.772,119229
1186,10.814,1.772,119329
1187,10.813,1.772,119430
1188,10.812,1.772,119530
1189,10.811,1.772,119631
1190,10.81,1.772,119732
1191,10.809,1.771,119833
1192,10.808,1.771,119934
1193,10.807,1.771,120034
1194,10.806,1.771,120135
1195,10.805,1.771,120235
1196,10.804,1.771,120336
1197,10.803,1.77,120436
1198,10.802,1.77,120537
1199,10.801,1.77,120638
1200,10.8,1.77,120738
1201,10.799,1.77,120839
1202,10.798,1.77,120939
1203,10.797,1.77,121040
1204,10.796,1.769,121140
1205,10.795,1.769,121241
1206,10.794,1.769,121342
1207,10.793,1.769,121442
1208,10.792,1.769,121543
1209,10.791,1.769,121644
1210,10.79,1.768,121745
1211,10.789,1.768,121845
1212,10.788,1.768,121946
1213,10.787,1.768,122046
1214,10.786,1.768,122147
1215,10.785,1.768,122248
1216,10.784,1.767,122349
1217,10.783,1.767,122449
1218,10.782,1.767,122550
1219,10.781,1.767,122651
1220,10.78,1.767,122752
1221,10.779,1.767,122852
1222,10.778,1.766,122953
1223,10.777,1.766,123053
1224,10.776,1.766,123154
1225,10.775,1.766,123255
1226,10.774,1.766,123355
1227,10.773,1.766,123456
1228,10.772,1.765,123556
1229,10.771,1.765,123657
1230,10.77,1.765,123758
1231,10.769,1.765,123859
1232,10.768,1.765,123960
1233,10.767,1.765,124061
1234,10.766,1.764,124161
1235,10.765,1.764,124262
1236,10.764,1.764,124363
1237,10.763,1.764,124463
1238,10.762,1.764,124564
1239,10.761,1.764,124664
1240,10.76,1.763,124765
1241,10.759,1.763,124865
1242,10.758,1.763,124966
1243,10.757,1.763,125066
1244,10.756,1.763,125167
1245,10.755,1.763,125268
1246,10.754,1.762,125369
1247,10.753,1.762,125469
1248,10.752,1.762,125570
1249,10.751,1.762,125670
1250,10.75,1.762,125771
1251,10.749,1.762,125871
1252,10.748,1.761,125972
1253,10.747,1.761,126072
1254,10.746,1.761,126173
1255,10.745,1.761,126274
1256,10.744,1.761,126375
1257,10.743,1.761,126475
1258,10.742,1.76,126576
1259,10.741,1.76,126676
1260,10.74,1.76,126777
1261,10.739,1.76,126878
1262,10.738,1.76,126979
1263,10.737,1.76,127080
1264,10.736,1.76,127180
1265,10.735,1.759,127281
1266,10.734,1.759,127381
1267,10.733,1.759,127482
1268,10.732,1.759,127583
1269,10.731,1.759,127683
1270,10.73,1.759,127784
1271,10.729,1.758,127885
1272,10.728,1.758,127985
1273,10.727,1.758,128086
1274,10.726,1.758,128187
1275,10.725,1.758,128287
1276,10.724,1.758,128388
1277,10.723,1.757,128489
1278,10.722,1.757,128590
1279,10.721,1.757,128690
1280,10.72,1.757,128791
1281,10.719,1.757,128892
1282,10.718,1.757,128993
1283,10.717,1.756,129093
1284,10.716,1.756,129194
1285,10.715,1.756,129295
1286,10.714,1.756,129395
1287,10.713,1.756,129496
1288,10.712,1.756,129596
1289,10.711,1.755,129697
1290,10.71,1.755,129798
1291,10.709,1.755,129898
1292,10.708,1.755,129999
1293,10.707,1.755,130100
1294,10.706,1.755,130200
1295,10.705,1.754,130301
1296,10.704,1.754,130402
1297,10.703,1.754,130502
1298,10.702,1.754,130603
1299,10.701,1.754,130703
1300,10.7,1.754,130804
1301,10.699,1.753,130904
1302,10.698,1.753,131005
1303,10.697,1.753,131105
1304,10.696,1.753,131206
1305,10.695,1.753,131307
1306,10.694,1.753,131407
1307,10.693,1.752,131508
1308,10.692,1.752,131609
1309,10.691,1.752,131710
1310,10.69,1.752,131810
1311,10.689,1.752,131911
1312,10.688,1.752,132012
1313,10.687,1.751,132113
1314,10.686,1.751,132214
1315,10.685,1.751,132314
1316,10.684,1.751,132415
1317,10.683,1.751,132515
1318,10.682,1.751,132617
1319,10.681,1.75,132718
1320,10.68,1.75,132818
1321,10.679,1.75,132919
1322,10.678,1.75,133020
1323,10.677,1.75,133120
1324,10.676,1.75,133221
1325,10.675,1.75,133321
1326,10.674,1.749,133422
1327,10.673,1.749,133523
1328,10.672,1.749,133624
1329,10.671,1.749,133724
1330,10.67,1.749,133825
1331,10.669,1.749,133925
1332,10.668,1.748,134026
1333,10.667,1.748,134127
1334,10.666,1.748,134228
1335,10.665,1.748,134328
1336,10.664,1.748,134429
1337,10.663,1.748,134530
1338,10.662,1.747,134631
1339,10.661,1.747,134731
1340,10.66,1.747,134832
1341,10.659,1.747,134933
1342,10.658,1.747,135034
1343,10.657,1.747,135134
1344,10.656,1.746,135235
1345,10.655,1.746,135335
1346,10.654,1.746,135436
1347,10.653,1.746,135537
1348,10.652,1.746,135637
1349,10.651,1.746,135738
1350,10.65,1.745,135838
1351,10.649,1.745,135939
1352,10.648,1.745,136040
1353,10.647,1.745,136141
1354,10.646,1.745,136242
1355,10.645,1.745,136342
1356,10.644,1.744,136443
1357,10.643,1.744,136543
1358,10.642,1.744,136644
1359,10.641,1.744,136745
1360,10.64,1.744,136846
1361,10.639,1.744,136946
1362,10.638,1.743,137047
1363,10.637,1.743,137149
1364,10.636,1.743,137250
1365,10.635,1.743,137350
1366,10.634,1.743,137451
1367,10.633,1.743,137552
1368,10.632,1.742,137652
1369,10.631,1.742,137753
1370,10.63,1.742,137853
1371,10.629,1.742,137954
1372,10.628,1.742,138055
1373,10.627,1.742,138155
1374,10.626,1.741,138256
1375,10.625,1.741,138357
1376,10.624,1.741,138458
1377,10.623,1.741,138559
1378,10.622,1.741,138660
1379,10.621,1.741,138761
1380,10.62,1.74,138861
1381,10.619,1.74,138962
1382,10.618,1.74,139063
1383,10.617,1.74,139164
1384,10.616,1.74,139264
1385,10.615,1.74,139365
1386,10.614,1.74,139466
1387,10.613,1.739,139566
1388,10.612,1.739,139667
1389,10.611,1.739,139768
1390,10.61,1.739,139869
1391,10.609,1.739,139969
1392,10.608,1.739,140070
1393,10.607,1.738,140170
1394,10.606,1.738,140271
1395,10.605,1.738,140372
1396,10.604,1.738,140472
1397,10.603,1.738,140573
1398,10.602,1.738,140673
1399,10.601,1.737,140774
1400,10.6,1.737,140875
1401,10.599,1.737,140976
1402,10.598,1.737,141077
1403,10.597,1.737,141177
1404,10.596,1.737,141278
1405,10.595,1.736,141379
1406,10.594,1.736,141480
1407,10.593,1.736,141580
1408,10.592,1.736,141681
1409,10.591,1.736,141782
1410,10.59,1.736,141883
1411,10.589,1.735,141983
1412,10.588,1.735,142084
1413,10.587,1.735,142184
1414,10.586,1.735,142285
1415,10.585,1.735,142385
1416,10.584,1.735,142486
1417,10.583,1.734,142587
1418,10.582,1.734,142687
1419,10.581,1.734,142788
1420,10.58,1.734,142888
1421,10.579,1.734,142989
1422,10.578,1.734,143089
1423,10.577,1.733,143190
1424,10.576,1.733,143291
1425,10.575,1.733,143391
1426,10.574,1.733,143492
1427,10.573,1.733,143593
1428,10.572,1.733,143694
1429,10.571,1.732,143795
1430,10.57,1.732,143895
1431,10.569,1.732,143996
1432,10.568,1.732,144097
1433,10.567,1.732,144198
1434,10.566,1.732,144298
1435,10.565,1.731,144399
1436,10.564,1.731,144500
1437,10.563,1.731,144601
1438,10.562,1.731,144702
1439,10.561,1.731,144802
1440,10.56,1.731,144902
1441,10.559,1.73,145003
1442,10.558,1.73,145104
1443,10.557,1.73,145204
1444,10.556,1.73,145305
1445,10.555,1.73,145405
1446,10.554,1.73,145506
1447,10.553,1.73,145606
1448,10.552,1.729,145707
1449,10.551,1.729,145808
1450,10.55,1.729,145908
1451,10.549,1.729,146009
1452,10.548,1.729,146109
1453,10.547,1.729,146210
1454,10.546,1.728,146311
1455,10.545,1.728,146411
1456,10.544,1.728,146512
1457,10.543,1.728,146613
1458,10.542,1.728,146713
1459,10.541,1.728,146814
1460,10.54,1.727,146915
1461,10.539,1.727,147016
1462,10.538,1.727,147117
1463,10.537,1.727,147218
1464,10.536,1.727,147318
1465,10.535,1.727,147419
1466,10.534,1.726,147519
1467,10.533,1.726,147620
1468,10.532,1.726,147720
1469,10.531,1.726,147821
1470,10.53,1.726,147922
1471,10.529,1.726,148022
1472,10.528,1.725,148123
1473,10.527,1.725,148224
1474,10.526,1.725,148324
1475,10.525,1.725,148425
1476,10.524,1.725,148525
1477,10.523,1.725,148626
1478,10.522,1.724,148727
1479,10.521,1.724,148828
1480,10.52,1.724,148928
1481,10.519,1.724,149029
1482,10.518,1.724,149129
1483,10.517,1.724,149230
1484,10.516,1.723,149331
1485,10.515,1.723,149432
1486,10.514,1.723,149532
1487,10.513,1.723,149633
1488,10.512,1.723,149733
1489,10.511,1.723,149834
1490,10.51,1.722,149935
1491,10.509,1.722,150036
1492,10.508,1.722,150136
1493,10.507,1.722,150237
1494,10.506,1.722,150337
1495,10.505,1.722,150438
1496,10.504,1.721,150538
1497,10.503,1.721,150639
1498,10.502,1.721,150740
1499,10.501,1.721,150841
1500,10.5,1.721,150941
1501,10.499,1.721,151042
1502,10.498,1.72,151142
1503,10.497,1.72,151243
1504,10.496,1.72,151344
1505,10.495,1.72,151444
1506,10.494,1.72,151545
1507,10.493,1.72,151645
1508,10.492,1.72,151746
1509,10.491,1.719,151847
1510,10.49,1.719,151947
1511,10.489,1.719,152048
1512,10.488,1.719,152149
1513,10.487,1.719,152250
1514,10.486,1.719,152350
1515,10.485,1.718,152452
1516,10.484,1.718,152552
1517,10.483,1.718,152653
1518,10.482,1.718,152753
1519,10.481,1.718,152854
1520,10.48,1.718,152954
1521,10.479,1.717,153055
1522,10.478,1.717,153156
1523,10.477,1.717,153256
1524,10.476,1.717,153357
1525,10.475,1.717,153457
1526,10.474,1.717,153558
1527,10.473,1.716,153659
1528,10.472,1.716,153759
1529,10.471,1.716,153860
1530,10.47,1.716,153960
1531,10.469,1.716,154061
1532,10.468,1.716,154162
1533,10.467,1.715,154262
1534,10.466,1.715,154363
1535,10.465,1.715,154463
1536,10.464,1.715,154564
1537,10.463,1.715,154665
1538,10.462,1.715,154765
1539,10.461,1.714,154866
1540,10.46,1.714,154967
1541,10.459,1.714,155067
1542,10.458,1.714,155168
1543,10.457,1.714,155269
1544,10.456,1.714,155369
1545,10.455,1.713,155470
1546,10.454,1.713,155570
1547,10.453,1.713,155671
1548,10.452,1.713,155772
1549,10.451,1.713,155872
1550,10.45,1.713,155973
1551,10.449,1.712,156073
1552,10.448,1.712,156174
1553,10.447,1.712,156275
1554,10.446,1.712,156375
1555,10.445,1.712,156476
1556,10.444,1.712,156576
1557,10.443,1.711,156677
1558,10.442,1.711,156777
1559,10.441,1.711,156878
1560,10.44,1.711,156979
1561,10.439,1.711,157079
1562,10.438,1.711,157180
1563,10.437,1.71,157280
1564,10.436,1.71,157381
1565,10.435,1.71,157481
1566,10.434,1.71,157582
1567,10.433,1.71,157683
1568,10.432,1.71,157783
1569,10.431,1.71,157884
1570,10.43,1.709,157984
1571,10.429,1.709,158085
1572,10.428,1.709,158185
1573,10.427,1.709,158286
1574,10.426,1.709,158386
1575,10.425,1.709,158487
1576,10.424,1.708,158588
1577,10.423,1.708,158688
1578,10.422,1.708,158789
1579,10.421,1.708,158889
1580,10.42,1.708,158990
1581,10.419,1.708,159090
1582,10.418,1.707,159191
1583,10.417,1.707,159292
1584,10.416,1.707,159392
1585,10.415,1.707,159493
1586,10.414,1.707,159593
1587,10.413,1.707,159694
1588,10.412,1.706,159794
1589,10.411,1.706,159895
1590,10.41,1.706,159995
1591,10.409,1.706,160096
1592,10.408,1.706,160196
1593,10.407,1.706,160297
1594,10.406,1.705,160397
1595,10.405,1.705,160498
1596,10.404,1.705,160598
1597,10.403,1.705,160699
1598,10.402,1.705,160799
1599,10.401,1.705,160900
1600,10.4,1.704,161000
1601,10.399,1.704,161101
1602,10.398,1.704,161202
1603,10.397,1.704,161302
1604,10.396,1.704,161403
1605,10.395,1.704,161503
1606,10.394,1.703,161604
1607,10.393,1.703,161704
1608,10.392,1.703,161805
1609,10.391,1.703,161905
1610,10.39,1.703,162006
1611,10.389,1.703,162106
1612,10.388,1.702,162207
1613,10.387,1.702,162308
1614,10.386,1.702,162409
1615,10.385,1.702,162509
1616,10.384,1.702,162610
1617,10.383,1.702,162711
1618,10.382,1.701,162812
1619,10.381,1.701,162912
1620,10.38,1.701,163013
1621,10.379,1.701,163114
1622,10.378,1.701,163214
1623,10.377,1.701,163315
1624,10.376,1.7,163415
1625,10.375,1.7,163516
1626,10.374,1.7,163616
1627,10.373,1.7,163717
1628,10.372,1.7,163817
1629,10.371,1.7,163918
1630,10.37,1.7,164019
1631,10.369,1.699,164119
1632,10.368,1.699,164220
1633,10.367,1.699,164320
1634,10.366,1.699,164421
1635,10.365,1.699,164521
1636,10.364,1.699,164622
1637,10.363,1.698,164722
1638,10.362,1.698,164823
1639,10.361,1.698,164923
1640,10.36,1.698,165024
1641,10.359,1.698,165125
1642,10.358,1.698,165225
1643,10.357,1.697,165326
1644,10.356,1.697,165427
1645,10.355,1.697,165527
1646,10.354,1.697,165628
1647,10.353,1.697,165728
1648,10.352,1.697,165829
1649,10.351,1.696,165930
1650,10.35,1.696,166030
1651,10.349,1.696,166131
1652,10.348,1.696,166232
1653,10.347,1.696,166332
1654,10.346,1.696,166433
1655,10.345,1.695,166533
1656,10.344,1.695,166634
1657,10.343,1.695,166734
1658,10.342,1.695,166835
1659,10.341,1.695,166935
1660,10.34,1.695,167036
1661,10.339,1.694,167136
1662,10.338,1.694,167237
1663,10.337,1.694,167338
1664,10.336,1.694,167438
1665,10.335,1.694,167539
1666,10.334,1.694,167639
1667,10.333,1.693,167740
1668,10.332,1.693,167841
1669,10.331,1.693,167942
1670,10.33,1.693,168042
1671,10.329,1.693,168143
1672,10.328,1.693,168243
1673,10.327,1.692,168344
1674,10.326,1.692,168444
1675,10.325,1.692,168545
1676,10.324,1.692,168645
1677,10.323,1.692,168746
1678,10.322,1.692,168847
1679,10.321,1.691,168947
1680,10.32,1.691,169048
1681,10.319,1.691,169148
1682,10.318,1.691,169249
1683,10.317,1.691,169349
1684,10.316,1.691,169450
1685,10.315,1.69,169550
1686,10.314,1.69,169651
1687,10.313,1.69,169751
1688,10.312,1.69,169852
1689,10.311,1.69,169952
1690,10.31,1.69,170053
1691,10.309,1.69,170153
1692,10.308,1.689,170254
1693,10.307,1.689,170354
1694,10.306,1.689,170455
1695,10.305,1.689,170555
1696,10.304,1.689,170656
1697,10.303,1.689,170756
1698,10.302,1.688,170857
1699,10.301,1.688,170959
1700,10.3,1.688,171060
1701,10.299,1.688,171160
1702,10.298,1.688,171261
1703,10.297,1.688,171361
1704,10.296,1.687,171463
1705,10.295,1.687,171563
1706,10.294,1.687,171663
1707,10.293,1.687,171764
1708,10.292,1.687,171864
1709,10.291,1.687,171965
1710,10.29,1.686,172065
1711,10.289,1.686,172166
1712,10.288,1.686,172267
1713,10.287,1.686,172367
1714,10.286,1.686,172468
1715,10.285,1.686,172569
1716,10.284,1.685,172669
1717,10.283,1.685,172770
1718,10.282,1.685,172871
1719,10.281,1.685,172971
1720,10.28,1.685,173072
1721,10.279,1.685,173172
1722,10.278,1.684,173274
1723,10.277,1.684,173374
1724,10.276,1.684,173475
1725,10.275,1.684,173575
1726,10.274,1.684,173676
1727,10.273,1.684,173777
1728,10.272,1.683,173877
1729,10.271,1.683,173978
1730,10.27,1.683,174078
1731,10.269,1.683,174179
1732,10.268,1.683,174280
1733,10.267,1.683,174380
1734,10.266,1.682,174481
1735,10.265,1.682,174582
1736,10.264,1.682,174682
1737,10.263,1.682,174783
1738,10.262,1.682,174884
1739,10.261,1.682,174984
1740,10.26,1.681,175085
1741,10.259,1.681,175185
1742,10.258,1.681,175286
1743,10.257,1.681,175387
1744,10.256,1.681,175487
1745,10.255,1.681,175588
1746,10.254,1.68,175689
1747,10.253,1.68,175789
1748,10.252,1.68,175890
1749,10.251,1.68,175990
1750,10.25,1.68,176091
1751,10.249,1.68,176192
1752,10.248,1.68,176292
1753,10.247,1.679,176393
1754,10.246,1.679,176494
1755,10.245,1.679,176595
1756,10.244,1.679,176696
1757,10.243,1.679,176796
1758,10.242,1.679,176897
1759,10.241,1.678,176998
1760,10.24,1.678,177099
1761,10.239,1.678,177199
1762,10.238,1.678,177300
1763,10.237,1.678,177401
1764,10.236,1.678,177501
1765,10.235,1.677,177602
1766,10.234,1.677,177703
1767,10.233,1.677,177803
1768,10.232,1.677,177904
1769,10.231,1.677,178004
1770,10.23,1.677,178105
1771,10.229,1.676,178206
1772,10.228,1.676,178306
1773,10.227,1.676,178407
1774,10.226,1.676,178507
1775,10.225,1.676,178608
1776,10.224,1.676,178709
1777,10.223,1.675,178810
1778,10.222,1.675,178911
1779,10.221,1.675,179011
1780,10.22,1.675,179111
1781,10.219,1.675,179212
1782,10.218,1.675,179313
1783,10.217,1.674,179414
1784,10.216,1.674,179515
1785,10.215,1.674,179616
1786,10.214,1.674,179716
1787,10.213,1.674,179817
1788,10.212,1.674,179917
1789,10.211,1.673,180018
1790,10.21,1.673,180119
1791,10.209,1.673,180220
1792,10.208,1.673,180320
1793,10.207,1.673,180421
1794,10.206,1.673,180521
1795,10.205,1.672,180622
1796,10.204,1.672,180722
1797,10.203,1.672,180823
1798,10.202,1.672,180923
1799,10.201,1.672,181024
1800,10.2,1.672,181125
1801,10.199,1.671,181226
1802,10.198,1.671,181326
1803,10.197,1.671,181427
1804,10.196,1.671,181527
1805,10.195,1.671,181628
1806,10.194,1.671,181729
1807,10.193,1.67,181830
1808,10.192,1.67,181930
1809,10.191,1.67,182031
1810,10.19,1.67,182131
1811,10.189,1.67,182232
1812,10.188,1.67,182333
1813,10.187,1.67,182433
1814,10.186,1.669,182534
1815,10.185,1.669,182635
1816,10.184,1.669,182735
1817,10.183,1.669,182836
1818,10.182,1.669,182937
1819,10.181,1.669,183037
1820,10.18,1.668,183138
1821,10.179,1.668,183238
1822,10.178,1.668,183339
1823,10.177,1.668,183440
1824,10.176,1.668,183540
1825,10.175,1.668,183641
1826,10.174,1.667,183741
1827,10.173,1.667,183842
1828,10.172,1.667,183943
1829,10.171,1.667,184043
1830,10.17,1.667,184144
1831,10.169,1.667,184244
1832,10.168,1.666,184345
1833,10.167,1.666,184446
1834,10.166,1.666,184546
1835,10.165,1.666,184647
1836,10.164,1.666,184748
1837,10.163,1.666,184849
1838,10.162,1.665,184950
1839,10.161,1.665,185050
1840,10.16,1.665,185151
1841,10.159,1.665,185251
1842,10.158,1.665,185352
1843,10.157,1.665,185453
1844,10.156,1.664,185553
1845,10.155,1.664,185654
1846,10.154,1.664,185754
1847,10.153,1.664,185855
1848,10.152,1.664,185956
1849,10.151,1.664,186057
1850,10.15,1.663,186157
1851,10.149,1.663,186258
1852,10.148,1.663,186358
1853,10.147,1.663,186459
1854,10.146,1.663,186559
1855,10.145,1.663,186660
1856,10.144,1.662,186761
1857,10.143,1.662,186861
1858,10.142,1.662,186962
1859,10.141,1.662,187063
1860,10.14,1.662,187163
1861,10.139,1.662,187264
1862,10.138,1.661,187365
1863,10.137,1.661,187465
1864,10.136,1.661,187566
1865,10.135,1.661,187667
1866,10.134,1.661,187767
1867,10.133,1.661,187868
1868,10.132,1.66,187969
1869,10.131,1.66,188069
1870,10.13,1.66,188170
1871,10.129,1.66,188271
1872,10.128,1.66,188371
1873,10.127,1.66,188472
1874,10.126,1.66,188572
1875,10.125,1.659,188673
1876,10.124,1.659,188773
1877,10.123,1.659,188874
1878,10.122,1.659,188975
1879,10.121,1.659,189076
1880,10.12,1.659,189176
1881,10.119,1.658,189277
1882,10.118,1.658,189378
1883,10.117,1.658,189479
1884,10.116,1.658,189579
1885,10.115,1.658,189680
1886,10.114,1.658,189780
1887,10.113,1.657,189881
1888,10.112,1.657,189982
1889,10.111,1.657,190082
1890,10.11,1.657,190183
1891,10.109,1.657,190284
1892,10.108,1.657,190385
1893,10.107,1.656,190485
1894,10.106,1.656,190586
1895,10.105,1.656,190687
1896,10.104,1.656,190787
1897,10.103,1.656,190888
1898,10.102,1.656,190988
1899,10.101,1.655,191089
1900,10.1,1.655,191189
1901,10.099,1.655,191290
1902,10.098,1.655,191391
1903,10.097,1.655,191491
1904,10.096,1.655,191592
1905,10.095,1.654,191693
1906,10.094,1.654,191793
1907,10.093,1.654,191894
1908,10.092,1.654,191994
1909,10.091,1.654,192095
1910,10.09,1.654,192196
1911,10.089,1.653,192296
1912,10.088,1.653,192397
1913,10.087,1.653,192497
1914,10.086,1.653,192598
1915,10.085,1.653,192699
1916,10.084,1.653,192800
1917,10.083,1.652,192900
1918,10.082,1.652,193001
1919,10.081,1.652,193102
1920,10.08,1.652,193202
1921,10.079,1.652,193303
1922,10.078,1.652,193403
1923,10.077,1.651,193504
1924,10.076,1.651,193605
1925,10.075,1.651,193705
1926,10.074,1.651,193806
1927,10.073,1.651,193906
1928,10.072,1.651,194007
1929,10.071,1.65,194107
1930,10.07,1.65,194208
1931,10.069,1.65,194309
1932,10.068,1.65,194410
1933,10.067,1.65,194510
1934,10.066,1.65,194611
1935,10.065,1.65,194711
1936,10.064,1.649,194812
1937,10.063,1.649,194913
1938,10.062,1.649,195014
1939,10.061,1.649,195115
1940,10.06,1.649,195216
1941,10.059,1.649,195316
1942,10.058,1.648,195417
1943,10.057,1.648,195517
1944,10.056,1.648,195617
1945,10.055,1.648,195718
1946,10.054,1.648,195819
1947,10.053,1.648,195920
1948,10.052,1.647,196021
1949,10.051,1.647,196121
1950,10.05,1.647,196222
1951,10.049,1.647,196322
1952,10.048,1.647,196423
1953,10.047,1.647,196523
1954,10.046,1.646,196624
1955,10.045,1.646,196725
1956,10.044,1.646,196825
1957,10.043,1.646,196926
1958,10.042,1.646,197027
1959,10.041,1.646,197127
1960,10.04,1.645,197228
1961,10.039,1.645,197329
1962,10.038,1.645,197429
1963,10.037,1.645,197530
1964,10.036,1.645,197631
1965,10.035,1.645,197731
1966,10.034,1.644,197832
1967,10.033,1.644,197933
1968,10.032,1.644,198034
1969,10.031,1.644,198134
1970,10.03,1.644,198235
1971,10.029,1.644,198335
1972,10.028,1.643,198436
1973,10.027,1.643,198536
1974,10.026,1.643,198637
1975,10.025,1.643,198737
1976,10.024,1.643,198838
1977,10.023,1.643,198939
1978,10.022,1.642,199039
1979,10.021,1.642,199140
1980,10.02,1.642,199240
1981,10.019,1.642,199341
1982,10.018,1.642,199441
1983,10.017,1.642,199542
1984,10.016,1.641,199642
1985,10.015,1.641,199743
1986,10.014,1.641,199844
1987,10.013,1.641,199944
1988,10.012,1.641,200045
1989,10.011,1.641,200145
1990,10.01,1.64,200246
1991,10.009,1.64,200346
1992,10.008,1.64,200447
1993,10.007,1.64,200547
1994,10.006,1.64,200648
1995,10.005,1.64,200749
1996,10.004,1.64,200849
1997,10.003,1.639,200950
1998,10.002,1.639,201050
1999,10.001,1.639,201151
2000,10.0,1.639,201251
